{"train_loss_LTF_Traffic_p192": 0.4558623731136322, "norm_value": null, "loss_sum": 0.6534699874310026, "_timestamp": 1722312338.6143112, "_runtime": 1475.8748033046722, "_step": 1511, "train_loss_LTF_Traffic_p720": 0.5275421142578125, "train_loss_LTF_Traffic_p336": 0.48118120431900024, "train_loss_LTF_Traffic_p96": 0.5091784596443176, "eval_LF-mse_LTF_Traffic_p96": 0.7627273201942444, "eval_LF-mae_LTF_Traffic_p96": 0.4637742042541504, "eval_LF-mse_LTF_Traffic_p192": 0.726970911026001, "eval_LF-mae_LTF_Traffic_p192": 0.4550394117832184}