{"train_loss_LTF_Traffic_p192": 0.9984773397445679, "norm_value": null, "loss_sum": 1.0101512219175437, "_timestamp": 1722310739.0420089, "_runtime": 169.1481158733368, "_step": 172, "train_loss_LTF_Traffic_p720": 1.0025858879089355, "train_loss_LTF_Traffic_p336": 1.0050424337387085, "train_loss_LTF_Traffic_p96": 0.9722403287887573}